<application>
  <component name="DimensionService">
    <location key="find.popup.0.0.3440.1440" x="1068" y="340" />
    <location key="find.popup.0.0.3456.2234@192dpi" x="1072" y="556" />
    <location key="find.popup.0.0.1920.1080" x="546" y="126" />
    <location key="find.popup.0.0.6880.2880@192dpi" x="2136" y="680" />
    <location key="find.popup.0.0.6880.2880@240dpi" x="1958" y="320" />
    <location key="find.popup.0.0.3440.1440@144dpi" x="980" y="160" />
    <location key="find.popup.0.0.3440.1440@120dpi" x="979" y="160" />
    <size key="GridCell.Tab.0.left.0.0.3440.1440" width="3440" height="504" />
    <size key="GridCell.Tab.0.center.0.0.3440.1440" width="3440" height="504" />
    <size key="GridCell.Tab.0.right.0.0.3440.1440" width="3440" height="504" />
    <size key="GridCell.Tab.0.bottom.0.0.3440.1440" width="3440" height="504" />
    <size key="find.popup.0.0.3440.1440" width="1305" height="786" />
    <size key="GridCell.Tab.0.left.0.0.3456.2234@192dpi" width="6880" height="452" />
    <size key="GridCell.Tab.0.center.0.0.3456.2234@192dpi" width="6880" height="452" />
    <size key="GridCell.Tab.0.right.0.0.3456.2234@192dpi" width="6880" height="452" />
    <size key="GridCell.Tab.0.bottom.0.0.3456.2234@192dpi" width="6880" height="452" />
    <size key="GridCell.Tab.2.left.0.0.3440.1440" width="3440" height="428" />
    <size key="GridCell.Tab.2.center.0.0.3440.1440" width="3440" height="428" />
    <size key="GridCell.Tab.2.right.0.0.3440.1440" width="3440" height="428" />
    <size key="GridCell.Tab.2.bottom.0.0.3440.1440" width="3440" height="428" />
    <size key="GridCell.Tab.1.left.0.0.3440.1440" width="3440" height="428" />
    <size key="GridCell.Tab.1.center.0.0.3440.1440" width="3440" height="428" />
    <size key="GridCell.Tab.1.right.0.0.3440.1440" width="3440" height="428" />
    <size key="GridCell.Tab.1.bottom.0.0.3440.1440" width="3440" height="428" />
    <size key="GridCell.Tab.3.left.0.0.3440.1440" width="3440" height="428" />
    <size key="GridCell.Tab.3.center.0.0.3440.1440" width="3440" height="428" />
    <size key="GridCell.Tab.3.right.0.0.3440.1440" width="3440" height="428" />
    <size key="GridCell.Tab.3.bottom.0.0.3440.1440" width="3440" height="428" />
    <size key="find.popup.0.0.3456.2234@192dpi" width="1470" height="1200" />
    <size key="GridCell.Tab.2.left.0.0.3456.2234@192dpi" width="6880" height="732" />
    <size key="GridCell.Tab.2.center.0.0.3456.2234@192dpi" width="6880" height="732" />
    <size key="GridCell.Tab.2.right.0.0.3456.2234@192dpi" width="6880" height="732" />
    <size key="GridCell.Tab.2.bottom.0.0.3456.2234@192dpi" width="6880" height="732" />
    <size key="GridCell.Tab.1.left.0.0.3456.2234@192dpi" width="6880" height="732" />
    <size key="GridCell.Tab.1.center.0.0.3456.2234@192dpi" width="6880" height="732" />
    <size key="GridCell.Tab.1.right.0.0.3456.2234@192dpi" width="6880" height="732" />
    <size key="GridCell.Tab.1.bottom.0.0.3456.2234@192dpi" width="6880" height="732" />
    <size key="GridCell.Tab.3.left.0.0.3456.2234@192dpi" width="6880" height="732" />
    <size key="GridCell.Tab.3.center.0.0.3456.2234@192dpi" width="6880" height="732" />
    <size key="GridCell.Tab.3.right.0.0.3456.2234@192dpi" width="6880" height="732" />
    <size key="GridCell.Tab.3.bottom.0.0.3456.2234@192dpi" width="6880" height="732" />
    <size key="GridCell.Tab.0.left.0.0.1920.1080" width="1920" height="350" />
    <size key="GridCell.Tab.0.center.0.0.1920.1080" width="1920" height="350" />
    <size key="GridCell.Tab.0.right.0.0.1920.1080" width="1920" height="350" />
    <size key="GridCell.Tab.0.bottom.0.0.1920.1080" width="1920" height="350" />
    <size key="find.popup.0.0.1920.1080" width="1374" height="657" />
    <size key="GridCell.Tab.1.left.0.0.1920.1080" width="1920" height="350" />
    <size key="GridCell.Tab.1.center.0.0.1920.1080" width="1920" height="350" />
    <size key="GridCell.Tab.1.right.0.0.1920.1080" width="1920" height="350" />
    <size key="GridCell.Tab.1.bottom.0.0.1920.1080" width="1920" height="350" />
    <size key="GridCell.Tab.2.left.0.0.1920.1080" width="1920" height="350" />
    <size key="GridCell.Tab.2.center.0.0.1920.1080" width="1920" height="350" />
    <size key="GridCell.Tab.2.right.0.0.1920.1080" width="1920" height="350" />
    <size key="GridCell.Tab.2.bottom.0.0.1920.1080" width="1920" height="350" />
    <size key="GridCell.Tab.3.left.0.0.1920.1080" width="1920" height="350" />
    <size key="GridCell.Tab.3.center.0.0.1920.1080" width="1920" height="350" />
    <size key="GridCell.Tab.3.right.0.0.1920.1080" width="1920" height="350" />
    <size key="GridCell.Tab.3.bottom.0.0.1920.1080" width="1920" height="350" />
    <size key="find.popup.0.0.6880.2880@192dpi" width="2610" height="1572" />
    <size key="find.popup.0.0.6880.2880@240dpi" width="3338" height="1986" />
    <size key="find.popup.0.0.3440.1440@144dpi" width="1336" height="832" />
    <size key="find.popup.0.0.3440.1440@120dpi" width="1669" height="993" />
    <size key="GridCell.Tab.0.left.0.0.3440.1440@120dpi" width="3440" height="226" />
    <size key="GridCell.Tab.0.center.0.0.3440.1440@120dpi" width="3440" height="226" />
    <size key="GridCell.Tab.0.right.0.0.3440.1440@120dpi" width="3440" height="226" />
    <size key="GridCell.Tab.0.bottom.0.0.3440.1440@120dpi" width="3440" height="226" />
    <size key="GridCell.Tab.1.left.0.0.3440.1440@120dpi" width="3440" height="366" />
    <size key="GridCell.Tab.1.center.0.0.3440.1440@120dpi" width="3440" height="366" />
    <size key="GridCell.Tab.1.right.0.0.3440.1440@120dpi" width="3440" height="366" />
    <size key="GridCell.Tab.1.bottom.0.0.3440.1440@120dpi" width="3440" height="366" />
    <size key="GridCell.Tab.2.left.0.0.3440.1440@120dpi" width="3440" height="366" />
    <size key="GridCell.Tab.2.center.0.0.3440.1440@120dpi" width="3440" height="366" />
    <size key="GridCell.Tab.2.right.0.0.3440.1440@120dpi" width="3440" height="366" />
    <size key="GridCell.Tab.2.bottom.0.0.3440.1440@120dpi" width="3440" height="366" />
    <size key="GridCell.Tab.3.left.0.0.3440.1440@120dpi" width="3440" height="366" />
    <size key="GridCell.Tab.3.center.0.0.3440.1440@120dpi" width="3440" height="366" />
    <size key="GridCell.Tab.3.right.0.0.3440.1440@120dpi" width="3440" height="366" />
    <size key="GridCell.Tab.3.bottom.0.0.3440.1440@120dpi" width="3440" height="366" />
    <size key="GridCell.Tab.0.left.0.0.3440.1440@144dpi" width="3440" height="423" />
    <size key="GridCell.Tab.0.center.0.0.3440.1440@144dpi" width="3440" height="423" />
    <size key="GridCell.Tab.0.right.0.0.3440.1440@144dpi" width="3440" height="423" />
    <size key="GridCell.Tab.0.bottom.0.0.3440.1440@144dpi" width="3440" height="423" />
    <size key="GridCell.Tab.1.left.0.0.3440.1440@144dpi" width="3440" height="423" />
    <size key="GridCell.Tab.1.center.0.0.3440.1440@144dpi" width="3440" height="423" />
    <size key="GridCell.Tab.1.right.0.0.3440.1440@144dpi" width="3440" height="423" />
    <size key="GridCell.Tab.1.bottom.0.0.3440.1440@144dpi" width="3440" height="423" />
    <size key="GridCell.Tab.2.left.0.0.3440.1440@144dpi" width="3440" height="423" />
    <size key="GridCell.Tab.2.center.0.0.3440.1440@144dpi" width="3440" height="423" />
    <size key="GridCell.Tab.2.right.0.0.3440.1440@144dpi" width="3440" height="423" />
    <size key="GridCell.Tab.2.bottom.0.0.3440.1440@144dpi" width="3440" height="423" />
    <size key="GridCell.Tab.3.left.0.0.3440.1440@144dpi" width="3440" height="423" />
    <size key="GridCell.Tab.3.center.0.0.3440.1440@144dpi" width="3440" height="423" />
    <size key="GridCell.Tab.3.right.0.0.3440.1440@144dpi" width="3440" height="423" />
    <size key="GridCell.Tab.3.bottom.0.0.3440.1440@144dpi" width="3440" height="423" />
    <size key="GridCell.Tab.0.left.0.0.3456.2234@240dpi" width="3456" height="824" />
    <size key="GridCell.Tab.0.center.0.0.3456.2234@240dpi" width="3456" height="824" />
    <size key="GridCell.Tab.0.right.0.0.3456.2234@240dpi" width="3456" height="824" />
    <size key="GridCell.Tab.0.bottom.0.0.3456.2234@240dpi" width="3456" height="824" />
    <size key="GridCell.Tab.0.left.0.0.1920.1080@120dpi" width="1728" height="246" />
    <size key="GridCell.Tab.0.center.0.0.1920.1080@120dpi" width="1728" height="246" />
    <size key="GridCell.Tab.0.right.0.0.1920.1080@120dpi" width="1728" height="246" />
    <size key="GridCell.Tab.0.bottom.0.0.1920.1080@120dpi" width="1728" height="246" />
    <size key="GridCell.Tab.2.left.0.0.3456.2234@240dpi" width="3456" height="824" />
    <size key="GridCell.Tab.2.center.0.0.3456.2234@240dpi" width="3456" height="824" />
    <size key="GridCell.Tab.2.right.0.0.3456.2234@240dpi" width="3456" height="824" />
    <size key="GridCell.Tab.2.bottom.0.0.3456.2234@240dpi" width="3456" height="824" />
    <size key="GridCell.Tab.1.left.0.0.3456.2234@240dpi" width="3456" height="824" />
    <size key="GridCell.Tab.1.center.0.0.3456.2234@240dpi" width="3456" height="824" />
    <size key="GridCell.Tab.1.right.0.0.3456.2234@240dpi" width="3456" height="824" />
    <size key="GridCell.Tab.1.bottom.0.0.3456.2234@240dpi" width="3456" height="824" />
    <size key="GridCell.Tab.3.left.0.0.3456.2234@240dpi" width="3456" height="824" />
    <size key="GridCell.Tab.3.center.0.0.3456.2234@240dpi" width="3456" height="824" />
    <size key="GridCell.Tab.3.right.0.0.3456.2234@240dpi" width="3456" height="824" />
    <size key="GridCell.Tab.3.bottom.0.0.3456.2234@240dpi" width="3456" height="824" />
  </component>
  <component name="WindowManager">
    <frame x="0" y="25" width="3440" height="1415" extendedState="6" />
  </component>
  <component name="WindowStateApplicationService">
    <state width="999" height="725" key="ShowUsagesActions.dimensionServiceKey" timestamp="1752951865786">
      <screen x="0" y="25" width="1920" height="1055" />
    </state>
    <state width="562" height="162" key="ShowUsagesActions.dimensionServiceKey.ideScale=110" timestamp="1754923361044">
      <screen x="0" y="25" width="1920" height="1055" />
    </state>
    <state width="904" height="402" key="ShowUsagesActions.dimensionServiceKey.ideScale=110/-1728.846.1728.1079/0.25.3440.1415" timestamp="1747411261386" />
    <state width="1130" height="114" key="ShowUsagesActions.dimensionServiceKey.ideScale=110/0.38.1728.1079" timestamp="1753971002920" />
    <state width="562" height="162" key="ShowUsagesActions.dimensionServiceKey.ideScale=110/1920.154.1728.1079/0.25.1920.1055" timestamp="1754923361044" />
    <state width="481" height="739" key="ShowUsagesActions.dimensionServiceKey.ideScale=110/1920.38.1728.1079/0.25.1920.1055" timestamp="1753718731393" />
    <state width="1479" height="110" key="ShowUsagesActions.dimensionServiceKey.ideScale=110/3440.361.1728.1079/0.25.3440.1415" timestamp="1750868578751" />
    <state width="952" height="739" key="ShowUsagesActions.dimensionServiceKey.ideScale=110/757.1478.1728.1079/0.25.3440.1415" timestamp="1748461595423" />
    <state width="1103" height="210" key="ShowUsagesActions.dimensionServiceKey.ideScale=110/915.1478.1728.1079/0.25.3440.1415" timestamp="1747165356361" />
    <state width="481" height="612" key="ShowUsagesActions.dimensionServiceKey.ideScale=110/922.1478.1728.1079/0.25.3440.1415" timestamp="1748879995004" />
    <state width="1227" height="738" key="ShowUsagesActions.dimensionServiceKey.ideScale=110/922.1478.1728.995/0.25.3440.1415" timestamp="1747751823215" />
    <state width="775" height="138" key="ShowUsagesActions.dimensionServiceKey.ideScale=110/936.1478.1728.1079/0.25.3440.1415" timestamp="1752182276016" />
    <state width="526" height="114" key="ShowUsagesActions.dimensionServiceKey.ideScale=110/990.1478.1728.1079/0.25.3440.1415" timestamp="1747246493299" />
    <state width="861" height="502" key="ShowUsagesActions.dimensionServiceKey.ideScale=125" timestamp="1753902465263">
      <screen x="0" y="25" width="3440" height="1415" />
    </state>
    <state width="861" height="502" key="ShowUsagesActions.dimensionServiceKey.ideScale=125/3440.1153.1728.1079/0.25.3440.1415" timestamp="1753902465263" />
    <state width="1431" height="322" key="ShowUsagesActions.dimensionServiceKey.ideScale=125/3440.1224.1728.1079/0.25.3440.1415" timestamp="1753197327874" />
    <state width="1061" height="902" key="ShowUsagesActions.dimensionServiceKey.ideScale=125/3440.1310.1728.1079/0.25.3440.1415" timestamp="1753388939901" />
    <state width="854" height="799" key="ShowUsagesActions.dimensionServiceKey.ideScale=125/3440.421.1728.1079/0.25.3440.1415" timestamp="1751047522087" />
    <state width="1171" height="349" key="ShowUsagesActions.dimensionServiceKey.ideScale=125/848.1478.1728.1079/0.25.3440.1415" timestamp="1753826037137" />
    <state width="1051" height="319" key="ShowUsagesActions.dimensionServiceKey.ideScale=125/853.1478.1728.1079/0.25.3440.1415" timestamp="1752523487960" />
    <state width="1111" height="159" key="ShowUsagesActions.dimensionServiceKey.ideScale=125/858.1478.1728.1079/0.25.3440.1415" timestamp="1750961468809" />
    <state width="1094" height="1429" key="ShowUsagesActions.dimensionServiceKey.ideScale=150" timestamp="1754594272998">
      <screen x="0" y="25" width="3440" height="1415" />
    </state>
    <state width="1079" height="1089" key="ShowUsagesActions.dimensionServiceKey.ideScale=150/0.38.1728.1079/-3440.-1182.3440.1415" timestamp="1754585638196" />
    <state width="871" height="163" key="ShowUsagesActions.dimensionServiceKey.ideScale=150/1061.1478.1728.1079/0.25.3440.1415" timestamp="1751986372300" />
    <state width="1094" height="1429" key="ShowUsagesActions.dimensionServiceKey.ideScale=150/2972.1478.1728.1079/0.25.3440.1415" timestamp="1754594272998" />
    <state width="835" height="1089" key="ShowUsagesActions.dimensionServiceKey.ideScale=150/3440.1153.1728.1079/0.25.3440.1415" timestamp="1754419072771" />
    <state width="1799" height="1089" key="ShowUsagesActions.dimensionServiceKey.ideScale=150/3440.1224.1728.1079/0.25.3440.1415" timestamp="1753196058318" />
    <state width="1094" height="1429" key="ShowUsagesActions.dimensionServiceKey.ideScale=150/3440.1245.1728.1079/0.25.3440.1415" timestamp="1754590791921" />
    <state width="823" height="1089" key="ShowUsagesActions.dimensionServiceKey.ideScale=150/3440.1279.1728.1079/0.25.3440.1415" timestamp="1754507263707" />
    <state width="1943" height="343" key="ShowUsagesActions.dimensionServiceKey.ideScale=150/858.1478.1728.1079/0.25.3440.1415" timestamp="1750958674985" />
    <state width="1775" height="789" key="ShowUsagesActions.dimensionServiceKey.ideScale=150/936.1478.1728.1079/0.25.3440.1415" timestamp="1752157388009" />
    <state width="1063" height="108" key="ShowUsagesActions.dimensionServiceKey/0.38.1728.1079" timestamp="1750880897030" />
    <state width="999" height="725" key="ShowUsagesActions.dimensionServiceKey/1920.38.1728.1079/0.25.1920.1055" timestamp="1752951865786" />
    <state width="1064" height="228" key="ShowUsagesActions.dimensionServiceKey/858.1478.1728.1079/0.25.3440.1415" timestamp="1750958520145" />
    <state x="960" y="519" width="1330" height="861" key="WELCOME_SCREEN" timestamp="1752944449219">
      <screen x="0" y="25" width="1920" height="1055" />
    </state>
    <state x="959" y="520" width="1331" height="862" key="WELCOME_SCREEN.ideScale=110" timestamp="1750430649557">
      <screen x="0" y="25" width="1920" height="1055" />
    </state>
    <state x="959" y="520" width="1331" height="862" key="WELCOME_SCREEN.ideScale=110/1920.38.1728.1079/0.25.1920.1055" timestamp="1750430649557" />
    <state x="1719" y="689" width="2385" height="1157" key="WELCOME_SCREEN.ideScale=110/3440.421.1728.1079/0.25.3440.1415" timestamp="1749476143655" />
    <state x="1719" y="689" width="2385" height="1157" key="WELCOME_SCREEN.ideScale=110/849.1478.1728.1079/0.25.3440.1415" timestamp="1750263383522" />
    <state x="1719" y="688" width="2383" height="1155" key="WELCOME_SCREEN.ideScale=110/922.1478.1728.1079/0.25.3440.1415" timestamp="1746723511200" />
    <state x="1719" y="689" width="2385" height="1156" key="WELCOME_SCREEN.ideScale=125" timestamp="1752696230362">
      <screen x="0" y="25" width="3440" height="1415" />
    </state>
    <state x="864" y="544" width="1198" height="881" key="WELCOME_SCREEN.ideScale=125/0.38.1728.1079" timestamp="1751294053880" />
    <state x="1719" y="689" width="2385" height="1156" key="WELCOME_SCREEN.ideScale=125/3440.1310.1728.1079/0.25.3440.1415" timestamp="1752696230362" />
    <state x="1719" y="688" width="2383" height="1155" key="WELCOME_SCREEN.ideScale=125/3440.421.1728.1079/0.25.3440.1415" timestamp="1751050336128" />
    <state x="1719" y="689" width="2385" height="1156" key="WELCOME_SCREEN.ideScale=125/986.1478.1728.1079/0.25.3440.1415" timestamp="1752599981148" />
    <state x="960" y="538" width="1334" height="975" key="WELCOME_SCREEN.ideScale=150" timestamp="1754921722961">
      <screen x="0" y="25" width="1920" height="1055" />
    </state>
    <state x="865" y="591" width="1200" height="975" key="WELCOME_SCREEN.ideScale=150/0.38.1728.1079" timestamp="1754845869808" />
    <state x="1719" y="688" width="2383" height="1155" key="WELCOME_SCREEN.ideScale=150/1061.1478.1728.1079/0.25.3440.1415" timestamp="1751988136994" />
    <state x="960" y="538" width="1334" height="975" key="WELCOME_SCREEN.ideScale=150/1920.154.1728.1079/0.25.1920.1055" timestamp="1754921722961" />
    <state x="1719" y="688" width="2383" height="1155" key="WELCOME_SCREEN.ideScale=150/3440.1153.1728.1079/0.25.3440.1415" timestamp="1754415322814" />
    <state x="1719" y="688" width="2383" height="1155" key="WELCOME_SCREEN.ideScale=150/3440.1279.1728.1079/0.25.3440.1415" timestamp="1754665432812" />
    <state x="960" y="519" width="1330" height="861" key="WELCOME_SCREEN/1920.38.1728.1079/0.25.1920.1055" timestamp="1752944449219" />
    <state x="1918" y="720" width="1197" height="880" key="WELCOME_SCREEN/842.-1079.1728.1079/0.25.3440.1415" timestamp="1746478381205" />
    <state x="1743" y="1720" width="1197" height="880" key="WELCOME_SCREEN/864.1478.1728.1079/0.25.3440.1415" timestamp="1746550260028" />
    <state width="525" height="654" key="nx.dev.console.select_target.ideScale=150" timestamp="1754588376567">
      <screen x="0" y="25" width="3440" height="1415" />
    </state>
    <state width="525" height="654" key="nx.dev.console.select_target.ideScale=150/3440.1245.1728.1079/0.25.3440.1415" timestamp="1754588376567" />
  </component>
</application>