<application>
  <component name="DimensionService">
    <location key="find.popup.0.0.3440.1440" x="1471" y="160" />
    <location key="find.popup.0.0.3456.2234@192dpi" x="1478" y="282" />
    <size key="GridCell.Tab.0.left.0.0.3440.1440" width="3440" height="334" />
    <size key="GridCell.Tab.0.center.0.0.3440.1440" width="3440" height="334" />
    <size key="GridCell.Tab.0.right.0.0.3440.1440" width="3440" height="334" />
    <size key="GridCell.Tab.0.bottom.0.0.3440.1440" width="3440" height="334" />
    <size key="find.popup.0.0.3440.1440" width="1573" height="880" />
    <size key="GridCell.Tab.0.left.0.0.3456.2234@192dpi" width="3456" height="668" />
    <size key="GridCell.Tab.0.center.0.0.3456.2234@192dpi" width="3456" height="668" />
    <size key="GridCell.Tab.0.right.0.0.3456.2234@192dpi" width="3456" height="668" />
    <size key="GridCell.Tab.0.bottom.0.0.3456.2234@192dpi" width="3456" height="668" />
    <size key="GridCell.Tab.2.left.0.0.3440.1440" width="1728" height="334" />
    <size key="GridCell.Tab.2.center.0.0.3440.1440" width="1728" height="334" />
    <size key="GridCell.Tab.2.right.0.0.3440.1440" width="1728" height="334" />
    <size key="GridCell.Tab.2.bottom.0.0.3440.1440" width="1728" height="334" />
    <size key="GridCell.Tab.1.left.0.0.3440.1440" width="1728" height="334" />
    <size key="GridCell.Tab.1.center.0.0.3440.1440" width="1728" height="334" />
    <size key="GridCell.Tab.1.right.0.0.3440.1440" width="1728" height="334" />
    <size key="GridCell.Tab.1.bottom.0.0.3440.1440" width="1728" height="334" />
    <size key="GridCell.Tab.3.left.0.0.3440.1440" width="1728" height="334" />
    <size key="GridCell.Tab.3.center.0.0.3440.1440" width="1728" height="334" />
    <size key="GridCell.Tab.3.right.0.0.3440.1440" width="1728" height="334" />
    <size key="GridCell.Tab.3.bottom.0.0.3440.1440" width="1728" height="334" />
    <size key="find.popup.0.0.3456.2234@192dpi" width="1580" height="1342" />
    <size key="GridCell.Tab.2.left.0.0.3456.2234@192dpi" width="3456" height="668" />
    <size key="GridCell.Tab.2.center.0.0.3456.2234@192dpi" width="3456" height="668" />
    <size key="GridCell.Tab.2.right.0.0.3456.2234@192dpi" width="3456" height="668" />
    <size key="GridCell.Tab.2.bottom.0.0.3456.2234@192dpi" width="3456" height="668" />
    <size key="GridCell.Tab.1.left.0.0.3456.2234@192dpi" width="3456" height="668" />
    <size key="GridCell.Tab.1.center.0.0.3456.2234@192dpi" width="3456" height="668" />
    <size key="GridCell.Tab.1.right.0.0.3456.2234@192dpi" width="3456" height="668" />
    <size key="GridCell.Tab.1.bottom.0.0.3456.2234@192dpi" width="3456" height="668" />
    <size key="GridCell.Tab.3.left.0.0.3456.2234@192dpi" width="3456" height="668" />
    <size key="GridCell.Tab.3.center.0.0.3456.2234@192dpi" width="3456" height="668" />
    <size key="GridCell.Tab.3.right.0.0.3456.2234@192dpi" width="3456" height="668" />
    <size key="GridCell.Tab.3.bottom.0.0.3456.2234@192dpi" width="3456" height="668" />
  </component>
  <component name="WindowManager">
    <frame x="0" y="25" width="3440" height="1415" extendedState="6" />
  </component>
  <component name="WindowStateApplicationService">
    <state width="616" height="265" key="ShowUsagesActions.dimensionServiceKey.ideScale=110" timestamp="1747423497429">
      <screen x="0" y="38" width="1728" height="1079" />
    </state>
    <state width="904" height="402" key="ShowUsagesActions.dimensionServiceKey.ideScale=110/-1728.846.1728.1079/0.25.3440.1415" timestamp="1747411261386" />
    <state width="616" height="265" key="ShowUsagesActions.dimensionServiceKey.ideScale=110/0.38.1728.1079" timestamp="1747423497429" />
    <state width="1103" height="210" key="ShowUsagesActions.dimensionServiceKey.ideScale=110/915.1478.1728.1079/0.25.3440.1415" timestamp="1747165356361" />
    <state width="509" height="114" key="ShowUsagesActions.dimensionServiceKey.ideScale=110/922.1478.1728.1079/0.25.3440.1415" timestamp="1746818116649" />
    <state width="526" height="114" key="ShowUsagesActions.dimensionServiceKey.ideScale=110/990.1478.1728.1079/0.25.3440.1415" timestamp="1747246493299" />
    <state x="1743" y="1720" width="1197" height="880" key="WELCOME_SCREEN" timestamp="1746550260028">
      <screen x="864" y="1478" width="1728" height="1079" />
    </state>
    <state x="1719" y="688" width="2383" height="1155" key="WELCOME_SCREEN.ideScale=110" timestamp="1746723511200">
      <screen x="0" y="25" width="3440" height="1415" />
    </state>
    <state x="1719" y="688" width="2383" height="1155" key="WELCOME_SCREEN.ideScale=110/922.1478.1728.1079/0.25.3440.1415" timestamp="1746723511200" />
    <state x="1918" y="720" width="1197" height="880" key="WELCOME_SCREEN/842.-1079.1728.1079/0.25.3440.1415" timestamp="1746478381205" />
    <state x="1743" y="1720" width="1197" height="880" key="WELCOME_SCREEN/864.1478.1728.1079/0.25.3440.1415" timestamp="1746550260028" />
  </component>
</application>